{
	"miniprogramRoot": "client/",
	"cloudfunctionRoot": "cloud/",
	"setting": {
		"urlCheck": true,
		"es6": true,
		"postcss": true,
		"minified": true,
		"newFeature": true
	},
	"appid": "wxc7f35f5c8297b923",
	"projectname": "nux-shop",
	"libVersion": "2.2.5",
	"simulatorType": "wechat",
	"simulatorPluginLibVersion": {},
	"cloudfunctionTemplateRoot": "cloudfunctionTemplate",
	"compileType": "miniprogram",
	"condition": {
		"search": {
			"current": -1,
			"list": []
		},
		"conversation": {
			"current": -1,
			"list": []
		},
		"plugin": {
			"current": -1,
			"list": []
		},
		"game": {
			"list": []
		},
		"miniprogram": {
			"current": 7,
			"list": [
				{
					"id": -1,
					"name": "db guide",
					"pathName": "pages/databaseGuide/databaseGuide",
					"query": ""
				},
				{
					"id": 1,
					"name": "主题",
					"pathName": "pages/theme/theme",
					"query": "theme_type=2",
					"scene": null
				},
				{
					"id": -1,
					"name": "分类",
					"pathName": "pages/category/category",
					"query": "",
					"scene": null
				},
				{
					"id": -1,
					"name": "购物车",
					"pathName": "pages/cart/cart",
					"query": "",
					"scene": null
				},
				{
					"id": -1,
					"name": "个人中心",
					"pathName": "pages/my/my",
					"query": "",
					"scene": null
				},
				{
					"id": -1,
					"name": "商品详情",
					"pathName": "pages/product/product",
					"query": "",
					"scene": null
				},
				{
					"id": 6,
					"name": "主题",
					"pathName": "pages/theme/theme",
					"query": "theme_type=4",
					"scene": null
				},
				{
					"id": -1,
					"name": "订单",
					"pathName": "pages/order/order",
					"scene": null
				}
			]
		}
	}
}