{"_id":{"$oid":"5cf3d079a87a1a18b65bcec9"},"name":"精美花生","description":"这是一个花生的故事","image":"/banner/banner@1.png","show":true,"product_id":"5cf526aaa87a1a18b6624ae6","create_time":{"$date":"2019-06-02T02:07:26.276Z"},"update_time":{"$date":"2019-06-02T02:07:57.157Z"}}
{"_id":{"$oid":"5cf3d079a87a1a18b65bcecb"},"name":"精美开心果","description":"这是一个开心果的故事","image":"/banner/banner@2.png","show":true,"product_id":"5cf526aaa87a1a18b6624af2","create_time":{"$date":"2019-06-02T02:07:26.276Z"},"update_time":{"$date":"2019-06-02T02:07:57.157Z"}}
{"_id":{"$oid":"5cf3d079a87a1a18b65bcecd"},"name":"精美杏仁","description":"这是一个杏仁的故事","image":"/banner/banner@3.png","show":true,"product_id":"5cf526aaa87a1a18b6624aea","create_time":{"$date":"2019-06-02T02:07:26.276Z"},"update_time":{"$date":"2019-06-02T02:07:57.157Z"}}
