{"_id":{"$oid":"5cf526aaa87a1a18b6624ae6"},"product_name":"花生 300g","product_img":"/product/product-nux@1.png","product_price":0.1,"product_sell_price":0.1,"product_stock":100,"product_description":"","product_status":0,"category_type":1,"create_time":{"$date":"2019-06-02T02:45:42.090Z"},"update_time":{"$date":"2019-06-02T02:45:55.455Z"},"product_theme":1.0}
{"_id":{"$oid":"5cf526aaa87a1a18b6624ae8"},"product_name":"夏威夷果 120g","product_img":"/product/product-nux@2.png","product_price":0.1,"product_sell_price":0.1,"product_stock":100,"product_description":"","product_status":0,"category_type":1,"create_time":{"$date":"2019-06-02T02:45:42.090Z"},"update_time":{"$date":"2019-06-02T02:45:55.455Z"},"product_theme":1.0}
{"_id":{"$oid":"5cf526aaa87a1a18b6624aea"},"product_name":"杏仁 120g","product_img":"/product/product-nux@3.png","product_price":0.1,"product_sell_price":0.1,"product_stock":100,"product_description":"","product_status":0,"category_type":1,"create_time":{"$date":"2019-06-02T02:45:42.090Z"},"update_time":{"$date":"2019-06-02T02:45:55.455Z"},"product_theme":2.0}
{"_id":{"$oid":"5cf526aaa87a1a18b6624aec"},"product_name":"黑桃 180g","product_img":"/product/product-nux@4.png","product_price":0.1,"product_sell_price":0.1,"product_stock":100,"product_description":"","product_status":0,"category_type":1,"create_time":{"$date":"2019-06-02T02:45:42.090Z"},"update_time":{"$date":"2019-06-02T02:45:55.455Z"},"product_theme":2.0}
{"_id":{"$oid":"5cf526aaa87a1a18b6624aee"},"product_name":"瓜子 180g","product_img":"/product/product-nux@5.png","product_price":0.1,"product_sell_price":0.1,"product_stock":100,"product_description":"","product_status":0,"category_type":1,"create_time":{"$date":"2019-06-02T02:45:42.090Z"},"update_time":{"$date":"2019-06-02T02:45:55.455Z"},"product_theme":3.0}
{"_id":{"$oid":"5cf526aaa87a1a18b6624af0"},"product_name":"板栗 150g","product_img":"/product/product-nux@6.png","product_price":0.1,"product_sell_price":0.1,"product_stock":100,"product_description":"","product_status":0,"category_type":1,"create_time":{"$date":"2019-06-02T02:45:42.090Z"},"update_time":{"$date":"2019-06-02T02:45:55.455Z"},"product_theme":4.0}
{"_id":{"$oid":"5cf526aaa87a1a18b6624af2"},"product_name":"开心果 150g","product_img":"/product/product-nux@7.png","product_price":0.1,"product_sell_price":0.1,"product_stock":100,"product_description":"","product_status":0,"category_type":1,"create_time":{"$date":"2019-06-02T02:45:42.090Z"},"update_time":{"$date":"2019-06-02T02:45:55.455Z"},"product_theme":4.0}
{"_id":{"$oid":"5cf526aaa87a1a18b6624af4"},"product_name":"小甜品 400g","product_img":"/product/product-snacks@1.png","product_price":0.1,"product_sell_price":0.1,"product_stock":100,"product_description":"","product_status":0,"category_type":2,"create_time":{"$date":"2019-06-02T02:45:42.090Z"},"update_time":{"$date":"2019-06-02T02:45:55.455Z"},"product_theme":2.0}
{"_id":{"$oid":"5cf526aaa87a1a18b6624af6"},"product_name":"面包 400g","product_img":"/product/product-snacks@2.png","product_price":0.1,"product_sell_price":0.1,"product_stock":100,"product_description":"","product_status":0,"category_type":2,"create_time":{"$date":"2019-06-02T02:45:42.090Z"},"update_time":{"$date":"2019-06-02T02:45:55.455Z"},"product_theme":1.0}
{"_id":{"$oid":"5cf526aaa87a1a18b6624af8"},"product_name":"鸭脖 120g","product_img":"/product/product-meat@1.png","product_price":0.1,"product_sell_price":0.1,"product_stock":100,"product_description":"","product_status":0,"category_type":5,"create_time":{"$date":"2019-06-02T02:45:42.090Z"},"update_time":{"$date":"2019-06-02T02:45:55.455Z"},"product_theme":2.0}
{"_id":{"$oid":"5cf526aaa87a1a18b6624afa"},"product_name":"鸡腿 150g","product_img":"/product/product-meat@2.png","product_price":0.1,"product_sell_price":0.1,"product_stock":100,"product_description":"","product_status":0,"category_type":5,"create_time":{"$date":"2019-06-02T02:45:42.090Z"},"update_time":{"$date":"2019-06-02T02:45:55.455Z"},"product_theme":3.0}
{"_id":{"$oid":"5cf526aaa87a1a18b6624afc"},"product_name":"牛肉干 100g","product_img":"/product/product-meat@3.png","product_price":0.1,"product_sell_price":0.1,"product_stock":100,"product_description":"","product_status":0,"category_type":5,"create_time":{"$date":"2019-06-02T02:45:42.090Z"},"update_time":{"$date":"2019-06-02T02:45:55.455Z"},"product_theme":2.0}
